device_id;trip_id;start_time;end_time;start_location;end_location;duration;distance;municipality
cdb97000-4e76-4fcd-a73b-7e20e4cba087;72aeb9e1-5af9-44e0-b3d1-91d84717049d;1694004676349;1694004690041;52.253414,6.169473;52.253414,6.169480;34;2;markelo
004c9d6f-7523-461a-b6e7-946dbf13fda6;98e02e04-83e0-422d-86c6-e6f7f7aea74f;1694004676029;1694004697440;52.253414,6.169473;52.253414,6.169480;56;5;markelo
