device_id;trip_id;start_time;end_time;start_location;end_location;duration;distance;municipality
488fc290-9810-11ee-b9d1-0242ac120002;b63add1d-547b-36b1-86b6-d3ec973fbd3f;1693987727086;1694007807033;52.253414,6.169473;52.253416,6.169482;20120;82184;markelo
488fdd34-9810-11ee-b9d1-0242ac120002;b63add1d-547b-36b1-86b6-d3ec973fbd2f;1693987689053;1693987834922;52.253416,6.169482;52.253410,6.169490;8725;21290;markelo